Nome;Classe;Sobreviveu;Sexo;Idade;N_Irmaos_Conjuges;N_Fihos_pais;Porto_Embarque
Allen, Miss. Elisabeth Walton;1;1;female;29;0;0;S
Allison, Master. Hudson Trevor;1;1;male;0,9167;1;2;S
Allison, Miss. Helen Loraine;1;0;female;2;1;2;S
Allison, Mr. Hudson Joshua Creighton;1;0;male;30;1;2;S
Allison, Mrs. Hudson J C (Bessie Waldo Daniels);1;0;female;25;1;2;S
Anderson, Mr. Harry;1;1;male;48;0;0;S
Andrews, Miss. Kornelia Theodosia;1;1;female;63;1;0;S
Andrews, Mr. Thomas Jr;1;0;male;39;0;0;S
Appleton, Mrs. Edward Dale (Charlotte Lamson);1;1;female;53;2;0;S
Artagaveytia, Mr. Ramon;1;0;male;71;0;0;C
Astor, Col. John Jacob;1;0;male;47;1;0;C
Astor, Mrs. John Jacob (Madeleine Talmadge Force);1;1;female;18;1;0;C
Aubart, Mme. Leontine Pauline;1;1;female;24;0;0;C
"Barber, Miss. Ellen ""Nellie""";1;1;female;26;0;0;S
Barkworth, Mr. Algernon Henry Wilson;1;1;male;80;0;0;S
Baumann, Mr. John D;1;0;male;;0;0;S
Baxter, Mr. Quigg Edmond;1;0;male;24;0;1;C
Baxter, Mrs. James (Helene DeLaudeniere Chaput);1;1;female;50;0;1;C
Bazzani, Miss. Albina;1;1;female;32;0;0;C
Beattie, Mr. Thomson;1;0;male;36;0;0;C
Beckwith, Mr. Richard Leonard;1;1;male;37;1;1;S
Beckwith, Mrs. Richard Leonard (Sallie Monypeny);1;1;female;47;1;1;S
Behr, Mr. Karl Howell;1;1;male;26;0;0;C
Bidois, Miss. Rosalie;1;1;female;42;0;0;C
Bird, Miss. Ellen;1;1;female;29;0;0;S
Birnbaum, Mr. Jakob;1;0;male;25;0;0;C
Bishop, Mr. Dickinson H;1;1;male;25;1;0;C
Bishop, Mrs. Dickinson H (Helen Walton);1;1;female;19;1;0;C
Bissette, Miss. Amelia;1;1;female;35;0;0;S
Bjornstrom-Steffansson, Mr. Mauritz Hakan;1;1;male;28;0;0;S
Blackwell, Mr. Stephen Weart;1;0;male;45;0;0;S
Blank, Mr. Henry;1;1;male;40;0;0;C
Bonnell, Miss. Caroline;1;1;female;30;0;0;S
Bonnell, Miss. Elizabeth;1;1;female;58;0;0;S
Borebank, Mr. John James;1;0;male;42;0;0;S
Bowen, Miss. Grace Scott;1;1;female;45;0;0;C
Bowerman, Miss. Elsie Edith;1;1;female;22;0;1;S
"Bradley, Mr. George (""George Arthur Brayton"")";1;1;male;;0;0;S
Brady, Mr. John Bertram;1;0;male;41;0;0;S
Brandeis, Mr. Emil;1;0;male;48;0;0;C
Brewe, Dr. Arthur Jackson;1;0;male;;0;0;C
Brown, Mrs. James Joseph (Margaret Tobin);1;1;female;44;0;0;C
Brown, Mrs. John Murray (Caroline Lane Lamson);1;1;female;59;2;0;S
Bucknell, Mrs. William Robert (Emma Eliza Ward);1;1;female;60;0;0;C
Burns, Miss. Elizabeth Margaret;1;1;female;41;0;0;C
Butt, Major. Archibald Willingham;1;0;male;45;0;0;S
Cairns, Mr. Alexander;1;0;male;;0;0;S
Calderhead, Mr. Edward Pennington;1;1;male;42;0;0;S
Candee, Mrs. Edward (Helen Churchill Hungerford);1;1;female;53;0;0;C
Cardeza, Mr. Thomas Drake Martinez;1;1;male;36;0;1;C
Cardeza, Mrs. James Warburton Martinez (Charlotte Wardle Drake);1;1;female;58;0;1;C
Carlsson, Mr. Frans Olof;1;0;male;33;0;0;S
Carrau, Mr. Francisco M;1;0;male;28;0;0;S
Carrau, Mr. Jose Pedro;1;0;male;17;0;0;S
Carter, Master. William Thornton II;1;1;male;11;1;2;S
Carter, Miss. Lucile Polk;1;1;female;14;1;2;S
Carter, Mr. William Ernest;1;1;male;36;1;2;S
Carter, Mrs. William Ernest (Lucile Polk);1;1;female;36;1;2;S
Case, Mr. Howard Brown;1;0;male;49;0;0;S
Cassebeer, Mrs. Henry Arthur Jr (Eleanor Genevieve Fosdick);1;1;female;;0;0;C
Cavendish, Mr. Tyrell William;1;0;male;36;1;0;S
Cavendish, Mrs. Tyrell William (Julia Florence Siegel);1;1;female;76;1;0;S
Chaffee, Mr. Herbert Fuller;1;0;male;46;1;0;S
Chaffee, Mrs. Herbert Fuller (Carrie Constance Toogood);1;1;female;47;1;0;S
Chambers, Mr. Norman Campbell;1;1;male;27;1;0;S
Chambers, Mrs. Norman Campbell (Bertha Griggs);1;1;female;33;1;0;S
Chaudanson, Miss. Victorine;1;1;female;36;0;0;C
Cherry, Miss. Gladys;1;1;female;30;0;0;S
Chevre, Mr. Paul Romaine;1;1;male;45;0;0;C
Chibnall, Mrs. (Edith Martha Bowerman);1;1;female;;0;1;S
Chisholm, Mr. Roderick Robert Crispin;1;0;male;;0;0;S
Clark, Mr. Walter Miller;1;0;male;27;1;0;C
Clark, Mrs. Walter Miller (Virginia McDowell);1;1;female;26;1;0;C
Cleaver, Miss. Alice;1;1;female;22;0;0;S
Clifford, Mr. George Quincy;1;0;male;;0;0;S
Colley, Mr. Edward Pomeroy;1;0;male;47;0;0;S
Compton, Miss. Sara Rebecca;1;1;female;39;1;1;C
Compton, Mr. Alexander Taylor Jr;1;0;male;37;1;1;C
Compton, Mrs. Alexander Taylor (Mary Eliza Ingersoll);1;1;female;64;0;2;C
Cornell, Mrs. Robert Clifford (Malvina Helen Lamson);1;1;female;55;2;0;S
Crafton, Mr. John Bertram;1;0;male;;0;0;S
Crosby, Capt. Edward Gifford;1;0;male;70;1;1;S
Crosby, Miss. Harriet R;1;1;female;36;0;2;S
Crosby, Mrs. Edward Gifford (Catherine Elizabeth Halstead);1;1;female;64;1;1;S
Cumings, Mr. John Bradley;1;0;male;39;1;0;C
Cumings, Mrs. John Bradley (Florence Briggs Thayer);1;1;female;38;1;0;C
Daly, Mr. Peter Denis ;1;1;male;51;0;0;S
Daniel, Mr. Robert Williams;1;1;male;27;0;0;S
Daniels, Miss. Sarah;1;1;female;33;0;0;S
Davidson, Mr. Thornton;1;0;male;31;1;0;S
Davidson, Mrs. Thornton (Orian Hays);1;1;female;27;1;2;S
Dick, Mr. Albert Adrian;1;1;male;31;1;0;S
Dick, Mrs. Albert Adrian (Vera Gillespie);1;1;female;17;1;0;S
Dodge, Dr. Washington;1;1;male;53;1;1;S
Dodge, Master. Washington;1;1;male;4;0;2;S
Dodge, Mrs. Washington (Ruth Vidaver);1;1;female;54;1;1;S
Douglas, Mr. Walter Donald;1;0;male;50;1;0;C
Douglas, Mrs. Frederick Charles (Mary Helene Baxter);1;1;female;27;1;1;C
Douglas, Mrs. Walter Donald (Mahala Dutton);1;1;female;48;1;0;C
"Duff Gordon, Lady. (Lucille Christiana Sutherland) (""Mrs Morgan"")";1;1;female;48;1;0;C
"Duff Gordon, Sir. Cosmo Edmund (""Mr Morgan"")";1;1;male;49;1;0;C
Dulles, Mr. William Crothers;1;0;male;39;0;0;C
Earnshaw, Mrs. Boulton (Olive Potter);1;1;female;23;0;1;C
Endres, Miss. Caroline Louise;1;1;female;38;0;0;C
Eustis, Miss. Elizabeth Mussey;1;1;female;54;1;0;C
Evans, Miss. Edith Corse;1;0;female;36;0;0;C
Farthing, Mr. John;1;0;male;;0;0;S
Flegenheim, Mrs. Alfred (Antoinette);1;1;female;;0;0;S
Fleming, Miss. Margaret;1;1;female;;0;0;C
"Flynn, Mr. John Irwin (""Irving"")";1;1;male;36;0;0;S
Foreman, Mr. Benjamin Laventall;1;0;male;30;0;0;C
Fortune, Miss. Alice Elizabeth;1;1;female;24;3;2;S
Fortune, Miss. Ethel Flora;1;1;female;28;3;2;S
Fortune, Miss. Mabel Helen;1;1;female;23;3;2;S
Fortune, Mr. Charles Alexander;1;0;male;19;3;2;S
Fortune, Mr. Mark;1;0;male;64;1;4;S
Fortune, Mrs. Mark (Mary McDougald);1;1;female;60;1;4;S
Francatelli, Miss. Laura Mabel;1;1;female;30;0;0;C
Franklin, Mr. Thomas Parham;1;0;male;;0;0;S
Frauenthal, Dr. Henry William;1;1;male;50;2;0;S
Frauenthal, Mr. Isaac Gerald;1;1;male;43;1;0;C
Frauenthal, Mrs. Henry William (Clara Heinsheimer);1;1;female;;1;0;S
Frolicher, Miss. Hedwig Margaritha;1;1;female;22;0;2;C
Frolicher-Stehli, Mr. Maxmillian;1;1;male;60;1;1;C
Frolicher-Stehli, Mrs. Maxmillian (Margaretha Emerentia Stehli);1;1;female;48;1;1;C
Fry, Mr. Richard;1;0;male;;0;0;S
Futrelle, Mr. Jacques Heath;1;0;male;37;1;0;S
Futrelle, Mrs. Jacques Heath (Lily May Peel);1;1;female;35;1;0;S
Gee, Mr. Arthur H;1;0;male;47;0;0;S
Geiger, Miss. Amalie;1;1;female;35;0;0;C
Gibson, Miss. Dorothy Winifred;1;1;female;22;0;1;C
Gibson, Mrs. Leonard (Pauline C Boeson);1;1;female;45;0;1;C
Giglio, Mr. Victor;1;0;male;24;0;0;C
Goldenberg, Mr. Samuel L;1;1;male;49;1;0;C
Goldenberg, Mrs. Samuel L (Edwiga Grabowska);1;1;female;;1;0;C
Goldschmidt, Mr. George B;1;0;male;71;0;0;C
Gracie, Col. Archibald IV;1;1;male;53;0;0;C
Graham, Miss. Margaret Edith;1;1;female;19;0;0;S
Graham, Mr. George Edward;1;0;male;38;0;1;S
Graham, Mrs. William Thompson (Edith Junkins);1;1;female;58;0;1;S
Greenfield, Mr. William Bertram;1;1;male;23;0;1;C
Greenfield, Mrs. Leo David (Blanche Strouse);1;1;female;45;0;1;C
Guggenheim, Mr. Benjamin;1;0;male;46;0;0;C
Harder, Mr. George Achilles;1;1;male;25;1;0;C
Harder, Mrs. George Achilles (Dorothy Annan);1;1;female;25;1;0;C
Harper, Mr. Henry Sleeper;1;1;male;48;1;0;C
Harper, Mrs. Henry Sleeper (Myna Haxtun);1;1;female;49;1;0;C
Harrington, Mr. Charles H;1;0;male;;0;0;S
Harris, Mr. Henry Birkhardt;1;0;male;45;1;0;S
Harris, Mrs. Henry Birkhardt (Irene Wallach);1;1;female;35;1;0;S
Harrison, Mr. William;1;0;male;40;0;0;S
Hassab, Mr. Hammad;1;1;male;27;0;0;C
Hawksford, Mr. Walter James;1;1;male;;0;0;S
Hays, Miss. Margaret Bechstein;1;1;female;24;0;0;C
Hays, Mr. Charles Melville;1;0;male;55;1;1;S
Hays, Mrs. Charles Melville (Clara Jennings Gregg);1;1;female;52;1;1;S
Head, Mr. Christopher;1;0;male;42;0;0;S
Hilliard, Mr. Herbert Henry;1;0;male;;0;0;S
Hipkins, Mr. William Edward;1;0;male;55;0;0;S
Hippach, Miss. Jean Gertrude;1;1;female;16;0;1;C
Hippach, Mrs. Louis Albert (Ida Sophia Fischer);1;1;female;44;0;1;C
Hogeboom, Mrs. John C (Anna Andrews);1;1;female;51;1;0;S
Holverson, Mr. Alexander Oskar;1;0;male;42;1;0;S
Holverson, Mrs. Alexander Oskar (Mary Aline Towner);1;1;female;35;1;0;S
"Homer, Mr. Harry (""Mr E Haven"")";1;1;male;35;0;0;C
Hoyt, Mr. Frederick Maxfield;1;1;male;38;1;0;S
Hoyt, Mr. William Fisher;1;0;male;;0;0;C
Hoyt, Mrs. Frederick Maxfield (Jane Anne Forby);1;1;female;35;1;0;S
Icard, Miss. Amelie;1;1;female;38;0;0;
Isham, Miss. Ann Elizabeth;1;0;female;50;0;0;C
Ismay, Mr. Joseph Bruce;1;1;male;49;0;0;S
Jones, Mr. Charles Cresson;1;0;male;46;0;0;S
Julian, Mr. Henry Forbes;1;0;male;50;0;0;S
Keeping, Mr. Edwin;1;0;male;32,5;0;0;C
Kent, Mr. Edward Austin;1;0;male;58;0;0;C
Kenyon, Mr. Frederick R;1;0;male;41;1;0;S
Kenyon, Mrs. Frederick R (Marion);1;1;female;;1;0;S
Kimball, Mr. Edwin Nelson Jr;1;1;male;42;1;0;S
Kimball, Mrs. Edwin Nelson Jr (Gertrude Parsons);1;1;female;45;1;0;S
Klaber, Mr. Herman;1;0;male;;0;0;S
Kreuchen, Miss. Emilie;1;1;female;39;0;0;S
Leader, Dr. Alice (Farnham);1;1;female;49;0;0;S
LeRoy, Miss. Bertha;1;1;female;30;0;0;C
Lesurer, Mr. Gustave J;1;1;male;35;0;0;C
Lewy, Mr. Ervin G;1;0;male;;0;0;C
"Lindeberg-Lind, Mr. Erik Gustaf (""Mr Edward Lingrey"")";1;0;male;42;0;0;S
Lindstrom, Mrs. Carl Johan (Sigrid Posse);1;1;female;55;0;0;C
Lines, Miss. Mary Conover;1;1;female;16;0;1;S
Lines, Mrs. Ernest H (Elizabeth Lindsey James);1;1;female;51;0;1;S
Long, Mr. Milton Clyde;1;0;male;29;0;0;S
Longley, Miss. Gretchen Fiske;1;1;female;21;0;0;S
Loring, Mr. Joseph Holland;1;0;male;30;0;0;S
Lurette, Miss. Elise;1;1;female;58;0;0;C
Madill, Miss. Georgette Alexandra;1;1;female;15;0;1;S
Maguire, Mr. John Edward;1;0;male;30;0;0;S
Maioni, Miss. Roberta;1;1;female;16;0;0;S
Marechal, Mr. Pierre;1;1;male;;0;0;C
Marvin, Mr. Daniel Warner;1;0;male;19;1;0;S
Marvin, Mrs. Daniel Warner (Mary Graham Carmichael Farquarson);1;1;female;18;1;0;S
"Mayne, Mlle. Berthe Antonine (""Mrs de Villiers"")";1;1;female;24;0;0;C
McCaffry, Mr. Thomas Francis;1;0;male;46;0;0;C
McCarthy, Mr. Timothy J;1;0;male;54;0;0;S
McGough, Mr. James Robert;1;1;male;36;0;0;S
Meyer, Mr. Edgar Joseph;1;0;male;28;1;0;C
Meyer, Mrs. Edgar Joseph (Leila Saks);1;1;female;;1;0;C
Millet, Mr. Francis Davis;1;0;male;65;0;0;S
Minahan, Dr. William Edward;1;0;male;44;2;0;Q
Minahan, Miss. Daisy E;1;1;female;33;1;0;Q
Minahan, Mrs. William Edward (Lillian E Thorpe);1;1;female;37;1;0;Q
Mock, Mr. Philipp Edmund;1;1;male;30;1;0;C
Molson, Mr. Harry Markland;1;0;male;55;0;0;S
Moore, Mr. Clarence Bloomfield;1;0;male;47;0;0;S
Natsch, Mr. Charles H;1;0;male;37;0;1;C
Newell, Miss. Madeleine;1;1;female;31;1;0;C
Newell, Miss. Marjorie;1;1;female;23;1;0;C
Newell, Mr. Arthur Webster;1;0;male;58;0;2;C
Newsom, Miss. Helen Monypeny;1;1;female;19;0;2;S
Nicholson, Mr. Arthur Ernest;1;0;male;64;0;0;S
Oliva y Ocana, Dona. Fermina;1;1;female;39;0;0;C
Omont, Mr. Alfred Fernand;1;1;male;;0;0;C
Ostby, Miss. Helene Ragnhild;1;1;female;22;0;1;C
Ostby, Mr. Engelhart Cornelius;1;0;male;65;0;1;C
Ovies y Rodriguez, Mr. Servando;1;0;male;28,5;0;0;C
Parr, Mr. William Henry Marsh;1;0;male;;0;0;S
Partner, Mr. Austen;1;0;male;45,5;0;0;S
Payne, Mr. Vivian Ponsonby;1;0;male;23;0;0;S
Pears, Mr. Thomas Clinton;1;0;male;29;1;0;S
Pears, Mrs. Thomas (Edith Wearne);1;1;female;22;1;0;S
Penasco y Castellana, Mr. Victor de Satode;1;0;male;18;1;0;C
Penasco y Castellana, Mrs. Victor de Satode (Maria Josefa Perez de Soto y Vallejo);1;1;female;17;1;0;C
Perreault, Miss. Anne;1;1;female;30;0;0;S
Peuchen, Major. Arthur Godfrey;1;1;male;52;0;0;S
Porter, Mr. Walter Chamberlain;1;0;male;47;0;0;S
Potter, Mrs. Thomas Jr (Lily Alexenia Wilson);1;1;female;56;0;1;C
Reuchlin, Jonkheer. John George;1;0;male;38;0;0;S
Rheims, Mr. George Alexander Lucien;1;1;male;;0;0;S
Ringhini, Mr. Sante;1;0;male;22;0;0;C
Robbins, Mr. Victor;1;0;male;;0;0;C
Robert, Mrs. Edward Scott (Elisabeth Walton McMillan);1;1;female;43;0;1;S
Roebling, Mr. Washington Augustus II;1;0;male;31;0;0;S
"Romaine, Mr. Charles Hallace (""Mr C Rolmane"")";1;1;male;45;0;0;S
Rood, Mr. Hugh Roscoe;1;0;male;;0;0;S
Rosenbaum, Miss. Edith Louise;1;1;female;33;0;0;C
"Rosenshine, Mr. George (""Mr George Thorne"")";1;0;male;46;0;0;C
Ross, Mr. John Hugo;1;0;male;36;0;0;C
Rothes, the Countess. of (Lucy Noel Martha Dyer-Edwards);1;1;female;33;0;0;S
Rothschild, Mr. Martin;1;0;male;55;1;0;C
Rothschild, Mrs. Martin (Elizabeth L. Barrett);1;1;female;54;1;0;C
Rowe, Mr. Alfred G;1;0;male;33;0;0;S
Ryerson, Master. John Borie;1;1;male;13;2;2;C
Ryerson, Miss. Emily Borie;1;1;female;18;2;2;C
"Ryerson, Miss. Susan Parker ""Suzette""";1;1;female;21;2;2;C
Ryerson, Mr. Arthur Larned;1;0;male;61;1;3;C
Ryerson, Mrs. Arthur Larned (Emily Maria Borie);1;1;female;48;1;3;C
Saalfeld, Mr. Adolphe;1;1;male;;0;0;S
Sagesser, Mlle. Emma;1;1;female;24;0;0;C
Salomon, Mr. Abraham L;1;1;male;;0;0;S
Schabert, Mrs. Paul (Emma Mock);1;1;female;35;1;0;C
Serepeca, Miss. Augusta;1;1;female;30;0;0;C
Seward, Mr. Frederic Kimber;1;1;male;34;0;0;S
Shutes, Miss. Elizabeth W;1;1;female;40;0;0;S
Silverthorne, Mr. Spencer Victor;1;1;male;35;0;0;S
Silvey, Mr. William Baird;1;0;male;50;1;0;S
Silvey, Mrs. William Baird (Alice Munger);1;1;female;39;1;0;S
Simonius-Blumer, Col. Oberst Alfons;1;1;male;56;0;0;C
Sloper, Mr. William Thompson;1;1;male;28;0;0;S
Smart, Mr. John Montgomery;1;0;male;56;0;0;S
Smith, Mr. James Clinch;1;0;male;56;0;0;C
Smith, Mr. Lucien Philip;1;0;male;24;1;0;S
Smith, Mr. Richard William;1;0;male;;0;0;S
Smith, Mrs. Lucien Philip (Mary Eloise Hughes);1;1;female;18;1;0;S
Snyder, Mr. John Pillsbury;1;1;male;24;1;0;S
Snyder, Mrs. John Pillsbury (Nelle Stevenson);1;1;female;23;1;0;S
Spedden, Master. Robert Douglas;1;1;male;6;0;2;C
Spedden, Mr. Frederic Oakley;1;1;male;45;1;1;C
Spedden, Mrs. Frederic Oakley (Margaretta Corning Stone);1;1;female;40;1;1;C
Spencer, Mr. William Augustus;1;0;male;57;1;0;C
Spencer, Mrs. William Augustus (Marie Eugenie);1;1;female;;1;0;C
Stahelin-Maeglin, Dr. Max;1;1;male;32;0;0;C
Stead, Mr. William Thomas;1;0;male;62;0;0;S
Stengel, Mr. Charles Emil Henry;1;1;male;54;1;0;C
Stengel, Mrs. Charles Emil Henry (Annie May Morris);1;1;female;43;1;0;C
Stephenson, Mrs. Walter Bertram (Martha Eustis);1;1;female;52;1;0;C
Stewart, Mr. Albert A;1;0;male;;0;0;C
Stone, Mrs. George Nelson (Martha Evelyn);1;1;female;62;0;0;
Straus, Mr. Isidor;1;0;male;67;1;0;S
Straus, Mrs. Isidor (Rosalie Ida Blun);1;0;female;63;1;0;S
Sutton, Mr. Frederick;1;0;male;61;0;0;S
Swift, Mrs. Frederick Joel (Margaret Welles Barron);1;1;female;48;0;0;S
Taussig, Miss. Ruth;1;1;female;18;0;2;S
Taussig, Mr. Emil;1;0;male;52;1;1;S
Taussig, Mrs. Emil (Tillie Mandelbaum);1;1;female;39;1;1;S
Taylor, Mr. Elmer Zebley;1;1;male;48;1;0;S
Taylor, Mrs. Elmer Zebley (Juliet Cummins Wright);1;1;female;;1;0;S
Thayer, Mr. John Borland;1;0;male;49;1;1;C
Thayer, Mr. John Borland Jr;1;1;male;17;0;2;C
Thayer, Mrs. John Borland (Marian Longstreth Morris);1;1;female;39;1;1;C
Thorne, Mrs. Gertrude Maybelle;1;1;female;;0;0;C
Tucker, Mr. Gilbert Milligan Jr;1;1;male;31;0;0;C
Uruchurtu, Don. Manuel E;1;0;male;40;0;0;C
Van der hoef, Mr. Wyckoff;1;0;male;61;0;0;S
Walker, Mr. William Anderson;1;0;male;47;0;0;S
Ward, Miss. Anna;1;1;female;35;0;0;C
Warren, Mr. Frank Manley;1;0;male;64;1;0;C
Warren, Mrs. Frank Manley (Anna Sophia Atkinson);1;1;female;60;1;0;C
Weir, Col. John;1;0;male;60;0;0;S
White, Mr. Percival Wayland;1;0;male;54;0;1;S
White, Mr. Richard Frasar;1;0;male;21;0;1;S
White, Mrs. John Stuart (Ella Holmes);1;1;female;55;0;0;C
Wick, Miss. Mary Natalie;1;1;female;31;0;2;S
Wick, Mr. George Dennick;1;0;male;57;1;1;S
Wick, Mrs. George Dennick (Mary Hitchcock);1;1;female;45;1;1;S
Widener, Mr. George Dunton;1;0;male;50;1;1;C
Widener, Mr. Harry Elkins;1;0;male;27;0;2;C
Widener, Mrs. George Dunton (Eleanor Elkins);1;1;female;50;1;1;C
Willard, Miss. Constance;1;1;female;21;0;0;S
Williams, Mr. Charles Duane;1;0;male;51;0;1;C
Williams, Mr. Richard Norris II;1;1;male;21;0;1;C
Williams-Lambert, Mr. Fletcher Fellows;1;0;male;;0;0;S
Wilson, Miss. Helen Alice;1;1;female;31;0;0;C
Woolner, Mr. Hugh;1;1;male;;0;0;S
Wright, Mr. George;1;0;male;62;0;0;S
Young, Miss. Marie Grice;1;1;female;36;0;0;C
Abelson, Mr. Samuel;2;0;male;30;1;0;C
Abelson, Mrs. Samuel (Hannah Wizosky);2;1;female;28;1;0;C
Aldworth, Mr. Charles Augustus;2;0;male;30;0;0;S
Andrew, Mr. Edgardo Samuel;2;0;male;18;0;0;S
Andrew, Mr. Frank Thomas;2;0;male;25;0;0;S
Angle, Mr. William A;2;0;male;34;1;0;S
"Angle, Mrs. William A (Florence ""Mary"" Agnes Hughes)";2;1;female;36;1;0;S
Ashby, Mr. John;2;0;male;57;0;0;S
Bailey, Mr. Percy Andrew;2;0;male;18;0;0;S
Baimbrigge, Mr. Charles Robert;2;0;male;23;0;0;S
Ball, Mrs. (Ada E Hall);2;1;female;36;0;0;S
Banfield, Mr. Frederick James;2;0;male;28;0;0;S
Bateman, Rev. Robert James;2;0;male;51;0;0;S
Beane, Mr. Edward;2;1;male;32;1;0;S
Beane, Mrs. Edward (Ethel Clarke);2;1;female;19;1;0;S
Beauchamp, Mr. Henry James;2;0;male;28;0;0;S
Becker, Master. Richard F;2;1;male;1;2;1;S
Becker, Miss. Marion Louise;2;1;female;4;2;1;S
Becker, Miss. Ruth Elizabeth;2;1;female;12;2;1;S
Becker, Mrs. Allen Oliver (Nellie E Baumgardner);2;1;female;36;0;3;S
Beesley, Mr. Lawrence;2;1;male;34;0;0;S
Bentham, Miss. Lilian W;2;1;female;19;0;0;S
Berriman, Mr. William John;2;0;male;23;0;0;S
Botsford, Mr. William Hull;2;0;male;26;0;0;S
Bowenur, Mr. Solomon;2;0;male;42;0;0;S
Bracken, Mr. James H;2;0;male;27;0;0;S
"Brown, Miss. Amelia ""Mildred""";2;1;female;24;0;0;S
Brown, Miss. Edith Eileen;2;1;female;15;0;2;S
Brown, Mr. Thomas William Solomon;2;0;male;60;1;1;S
Brown, Mrs. Thomas William Solomon (Elizabeth Catherine Ford);2;1;female;40;1;1;S
Bryhl, Miss. Dagmar Jenny Ingeborg ;2;1;female;20;1;0;S
Bryhl, Mr. Kurt Arnold Gottfrid;2;0;male;25;1;0;S
Buss, Miss. Kate;2;1;female;36;0;0;S
Butler, Mr. Reginald Fenton;2;0;male;25;0;0;S
Byles, Rev. Thomas Roussel Davids;2;0;male;42;0;0;S
Bystrom, Mrs. (Karolina);2;1;female;42;0;0;S
Caldwell, Master. Alden Gates;2;1;male;0,8333;0;2;S
Caldwell, Mr. Albert Francis;2;1;male;26;1;1;S
Caldwell, Mrs. Albert Francis (Sylvia Mae Harbaugh);2;1;female;22;1;1;S
Cameron, Miss. Clear Annie;2;1;female;35;0;0;S
Campbell, Mr. William;2;0;male;;0;0;S
Carbines, Mr. William;2;0;male;19;0;0;S
Carter, Mrs. Ernest Courtenay (Lilian Hughes);2;0;female;44;1;0;S
Carter, Rev. Ernest Courtenay;2;0;male;54;1;0;S
Chapman, Mr. Charles Henry;2;0;male;52;0;0;S
Chapman, Mr. John Henry;2;0;male;37;1;0;S
Chapman, Mrs. John Henry (Sara Elizabeth Lawry);2;0;female;29;1;0;S
Christy, Miss. Julie Rachel;2;1;female;25;1;1;S
Christy, Mrs. (Alice Frances);2;1;female;45;0;2;S
Clarke, Mr. Charles Valentine;2;0;male;29;1;0;S
Clarke, Mrs. Charles V (Ada Maria Winfield);2;1;female;28;1;0;S
Coleridge, Mr. Reginald Charles;2;0;male;29;0;0;S
Collander, Mr. Erik Gustaf;2;0;male;28;0;0;S
Collett, Mr. Sidney C Stuart;2;1;male;24;0;0;S
"Collyer, Miss. Marjorie ""Lottie""";2;1;female;8;0;2;S
Collyer, Mr. Harvey;2;0;male;31;1;1;S
Collyer, Mrs. Harvey (Charlotte Annie Tate);2;1;female;31;1;1;S
Cook, Mrs. (Selena Rogers);2;1;female;22;0;0;S
Corbett, Mrs. Walter H (Irene Colvin);2;0;female;30;0;0;S
Corey, Mrs. Percy C (Mary Phyllis Elizabeth Miller);2;0;female;;0;0;S
"Cotterill, Mr. Henry ""Harry""";2;0;male;21;0;0;S
Cunningham, Mr. Alfred Fleming;2;0;male;;0;0;S
Davies, Master. John Morgan Jr;2;1;male;8;1;1;S
Davies, Mr. Charles Henry;2;0;male;18;0;0;S
Davies, Mrs. John Morgan (Elizabeth Agnes Mary White) ;2;1;female;48;0;2;S
Davis, Miss. Mary;2;1;female;28;0;0;S
de Brito, Mr. Jose Joaquim;2;0;male;32;0;0;S
Deacon, Mr. Percy William;2;0;male;17;0;0;S
del Carlo, Mr. Sebastiano;2;0;male;29;1;0;C
del Carlo, Mrs. Sebastiano (Argenia Genovesi);2;1;female;24;1;0;C
Denbury, Mr. Herbert;2;0;male;25;0;0;S
Dibden, Mr. William;2;0;male;18;0;0;S
Doling, Miss. Elsie;2;1;female;18;0;1;S
Doling, Mrs. John T (Ada Julia Bone);2;1;female;34;0;1;S
Downton, Mr. William James;2;0;male;54;0;0;S
Drew, Master. Marshall Brines;2;1;male;8;0;2;S
Drew, Mr. James Vivian;2;0;male;42;1;1;S
Drew, Mrs. James Vivian (Lulu Thorne Christian);2;1;female;34;1;1;S
Duran y More, Miss. Asuncion;2;1;female;27;1;0;C
Duran y More, Miss. Florentina;2;1;female;30;1;0;C
Eitemiller, Mr. George Floyd;2;0;male;23;0;0;S
Enander, Mr. Ingvar;2;0;male;21;0;0;S
Fahlstrom, Mr. Arne Jonas;2;0;male;18;0;0;S
Faunthorpe, Mr. Harry;2;0;male;40;1;0;S
Faunthorpe, Mrs. Lizzie (Elizabeth Anne Wilkinson);2;1;female;29;1;0;S
Fillbrook, Mr. Joseph Charles;2;0;male;18;0;0;S
Fox, Mr. Stanley Hubert;2;0;male;36;0;0;S
"Frost, Mr. Anthony Wood ""Archie""";2;0;male;;0;0;S
Funk, Miss. Annie Clemmer;2;0;female;38;0;0;S
Fynney, Mr. Joseph J;2;0;male;35;0;0;S
Gale, Mr. Harry;2;0;male;38;1;0;S
Gale, Mr. Shadrach;2;0;male;34;1;0;S
Garside, Miss. Ethel;2;1;female;34;0;0;S
Gaskell, Mr. Alfred;2;0;male;16;0;0;S
Gavey, Mr. Lawrence;2;0;male;26;0;0;S
Gilbert, Mr. William;2;0;male;47;0;0;S
Giles, Mr. Edgar;2;0;male;21;1;0;S
Giles, Mr. Frederick Edward;2;0;male;21;1;0;S
Giles, Mr. Ralph;2;0;male;24;0;0;S
Gill, Mr. John William;2;0;male;24;0;0;S
Gillespie, Mr. William Henry;2;0;male;34;0;0;S
Givard, Mr. Hans Kristensen;2;0;male;30;0;0;S
Greenberg, Mr. Samuel;2;0;male;52;0;0;S
Hale, Mr. Reginald;2;0;male;30;0;0;S
Hamalainen, Master. Viljo;2;1;male;0,6667;1;1;S
Hamalainen, Mrs. William (Anna);2;1;female;24;0;2;S
Harbeck, Mr. William H;2;0;male;44;0;0;S
"Harper, Miss. Annie Jessie ""Nina""";2;1;female;6;0;1;S
Harper, Rev. John;2;0;male;28;0;1;S
Harris, Mr. George;2;1;male;62;0;0;S
Harris, Mr. Walter;2;0;male;30;0;0;S
Hart, Miss. Eva Miriam;2;1;female;7;0;2;S
Hart, Mr. Benjamin;2;0;male;43;1;1;S
Hart, Mrs. Benjamin (Esther Ada Bloomfield);2;1;female;45;1;1;S
Herman, Miss. Alice;2;1;female;24;1;2;S
Herman, Miss. Kate;2;1;female;24;1;2;S
Herman, Mr. Samuel;2;0;male;49;1;2;S
Herman, Mrs. Samuel (Jane Laver);2;1;female;48;1;2;S
Hewlett, Mrs. (Mary D Kingcome) ;2;1;female;55;0;0;S
Hickman, Mr. Leonard Mark;2;0;male;24;2;0;S
Hickman, Mr. Lewis;2;0;male;32;2;0;S
Hickman, Mr. Stanley George;2;0;male;21;2;0;S
Hiltunen, Miss. Marta;2;0;female;18;1;1;S
"Hocking, Miss. Ellen ""Nellie""";2;1;female;20;2;1;S
Hocking, Mr. Richard George;2;0;male;23;2;1;S
Hocking, Mr. Samuel James Metcalfe;2;0;male;36;0;0;S
Hocking, Mrs. Elizabeth (Eliza Needs);2;1;female;54;1;3;S
Hodges, Mr. Henry Price;2;0;male;50;0;0;S
Hold, Mr. Stephen;2;0;male;44;1;0;S
Hold, Mrs. Stephen (Annie Margaret Hill);2;1;female;29;1;0;S
Hood, Mr. Ambrose Jr;2;0;male;21;0;0;S
Hosono, Mr. Masabumi;2;1;male;42;0;0;S
Howard, Mr. Benjamin;2;0;male;63;1;0;S
Howard, Mrs. Benjamin (Ellen Truelove Arman);2;0;female;60;1;0;S
Hunt, Mr. George Henry;2;0;male;33;0;0;S
Ilett, Miss. Bertha;2;1;female;17;0;0;S
Jacobsohn, Mr. Sidney Samuel;2;0;male;42;1;0;S
Jacobsohn, Mrs. Sidney Samuel (Amy Frances Christy);2;1;female;24;2;1;S
Jarvis, Mr. John Denzil;2;0;male;47;0;0;S
Jefferys, Mr. Clifford Thomas;2;0;male;24;2;0;S
Jefferys, Mr. Ernest Wilfred;2;0;male;22;2;0;S
Jenkin, Mr. Stephen Curnow;2;0;male;32;0;0;S
Jerwan, Mrs. Amin S (Marie Marthe Thuillard);2;1;female;23;0;0;C
Kantor, Mr. Sinai;2;0;male;34;1;0;S
Kantor, Mrs. Sinai (Miriam Sternin);2;1;female;24;1;0;S
Karnes, Mrs. J Frank (Claire Bennett);2;0;female;22;0;0;S
Keane, Miss. Nora A;2;1;female;;0;0;Q
Keane, Mr. Daniel;2;0;male;35;0;0;Q
"Kelly, Mrs. Florence ""Fannie""";2;1;female;45;0;0;S
Kirkland, Rev. Charles Leonard;2;0;male;57;0;0;Q
Knight, Mr. Robert J;2;0;male;;0;0;S
Kvillner, Mr. Johan Henrik Johannesson;2;0;male;31;0;0;S
Lahtinen, Mrs. William (Anna Sylfven);2;0;female;26;1;1;S
Lahtinen, Rev. William;2;0;male;30;1;1;S
Lamb, Mr. John Joseph;2;0;male;;0;0;Q
Laroche, Miss. Louise;2;1;female;1;1;2;C
Laroche, Miss. Simonne Marie Anne Andree;2;1;female;3;1;2;C
Laroche, Mr. Joseph Philippe Lemercier;2;0;male;25;1;2;C
Laroche, Mrs. Joseph (Juliette Marie Louise Lafargue);2;1;female;22;1;2;C
Lehmann, Miss. Bertha;2;1;female;17;0;0;C
Leitch, Miss. Jessie Wills;2;1;female;;0;0;S
Lemore, Mrs. (Amelia Milley);2;1;female;34;0;0;S
Levy, Mr. Rene Jacques;2;0;male;36;0;0;C
Leyson, Mr. Robert William Norman;2;0;male;24;0;0;S
Lingane, Mr. John;2;0;male;61;0;0;Q
Louch, Mr. Charles Alexander;2;0;male;50;1;0;S
Louch, Mrs. Charles Alexander (Alice Adelaide Slow);2;1;female;42;1;0;S
Mack, Mrs. (Mary);2;0;female;57;0;0;S
Malachard, Mr. Noel;2;0;male;;0;0;C
Mallet, Master. Andre;2;1;male;1;0;2;C
Mallet, Mr. Albert;2;0;male;31;1;1;C
Mallet, Mrs. Albert (Antoinette Magnin);2;1;female;24;1;1;C
Mangiavacchi, Mr. Serafino Emilio;2;0;male;;0;0;C
Matthews, Mr. William John;2;0;male;30;0;0;S
Maybery, Mr. Frank Hubert;2;0;male;40;0;0;S
McCrae, Mr. Arthur Gordon;2;0;male;32;0;0;S
McCrie, Mr. James Matthew;2;0;male;30;0;0;S
McKane, Mr. Peter David;2;0;male;46;0;0;S
Mellinger, Miss. Madeleine Violet;2;1;female;13;0;1;S
Mellinger, Mrs. (Elizabeth Anne Maidment);2;1;female;41;0;1;S
Mellors, Mr. William John;2;1;male;19;0;0;S
Meyer, Mr. August;2;0;male;39;0;0;S
Milling, Mr. Jacob Christian;2;0;male;48;0;0;S
Mitchell, Mr. Henry Michael;2;0;male;70;0;0;S
Montvila, Rev. Juozas;2;0;male;27;0;0;S
Moraweck, Dr. Ernest;2;0;male;54;0;0;S
"Morley, Mr. Henry Samuel (""Mr Henry Marshall"")";2;0;male;39;0;0;S
Mudd, Mr. Thomas Charles;2;0;male;16;0;0;S
Myles, Mr. Thomas Francis;2;0;male;62;0;0;Q
Nasser, Mr. Nicholas;2;0;male;32,5;1;0;C
Nasser, Mrs. Nicholas (Adele Achem);2;1;female;14;1;0;C
Navratil, Master. Edmond Roger;2;1;male;2;1;1;S
Navratil, Master. Michel M;2;1;male;3;1;1;S
"Navratil, Mr. Michel (""Louis M Hoffman"")";2;0;male;36,5;0;2;S
Nesson, Mr. Israel;2;0;male;26;0;0;S
Nicholls, Mr. Joseph Charles;2;0;male;19;1;1;S
Norman, Mr. Robert Douglas;2;0;male;28;0;0;S
"Nourney, Mr. Alfred (""Baron von Drachstedt"")";2;1;male;20;0;0;C
Nye, Mrs. (Elizabeth Ramell);2;1;female;29;0;0;S
Otter, Mr. Richard;2;0;male;39;0;0;S
Oxenham, Mr. Percy Thomas;2;1;male;22;0;0;S
Padro y Manent, Mr. Julian;2;1;male;;0;0;C
Pain, Dr. Alfred;2;0;male;23;0;0;S
Pallas y Castello, Mr. Emilio;2;1;male;29;0;0;C
Parker, Mr. Clifford Richard;2;0;male;28;0;0;S
"Parkes, Mr. Francis ""Frank""";2;0;male;;0;0;S
Parrish, Mrs. (Lutie Davis);2;1;female;50;0;1;S
Pengelly, Mr. Frederick William;2;0;male;19;0;0;S
Pernot, Mr. Rene;2;0;male;;0;0;C
Peruschitz, Rev. Joseph Maria;2;0;male;41;0;0;S
Phillips, Miss. Alice Frances Louisa;2;1;female;21;0;1;S
"Phillips, Miss. Kate Florence (""Mrs Kate Louise Phillips Marshall"")";2;1;female;19;0;0;S
Phillips, Mr. Escott Robert;2;0;male;43;0;1;S
Pinsky, Mrs. (Rosa);2;1;female;32;0;0;S
Ponesell, Mr. Martin;2;0;male;34;0;0;S
Portaluppi, Mr. Emilio Ilario Giuseppe;2;1;male;30;0;0;C
Pulbaum, Mr. Franz;2;0;male;27;0;0;C
Quick, Miss. Phyllis May;2;1;female;2;1;1;S
Quick, Miss. Winifred Vera;2;1;female;8;1;1;S
Quick, Mrs. Frederick Charles (Jane Richards);2;1;female;33;0;2;S
Reeves, Mr. David;2;0;male;36;0;0;S
Renouf, Mr. Peter Henry;2;0;male;34;1;0;S
Renouf, Mrs. Peter Henry (Lillian Jefferys);2;1;female;30;3;0;S
Reynaldo, Ms. Encarnacion;2;1;female;28;0;0;S
Richard, Mr. Emile;2;0;male;23;0;0;C
Richards, Master. George Sibley;2;1;male;0,8333;1;1;S
Richards, Master. William Rowe;2;1;male;3;1;1;S
Richards, Mrs. Sidney (Emily Hocking);2;1;female;24;2;3;S
Ridsdale, Miss. Lucy;2;1;female;50;0;0;S
Rogers, Mr. Reginald Harry;2;0;male;19;0;0;S
Rugg, Miss. Emily;2;1;female;21;0;0;S
Schmidt, Mr. August;2;0;male;26;0;0;S
Sedgwick, Mr. Charles Frederick Waddington;2;0;male;25;0;0;S
Sharp, Mr. Percival James R;2;0;male;27;0;0;S
Shelley, Mrs. William (Imanita Parrish Hall);2;1;female;25;0;1;S
Silven, Miss. Lyyli Karoliina;2;1;female;18;0;2;S
Sincock, Miss. Maude;2;1;female;20;0;0;S
Sinkkonen, Miss. Anna;2;1;female;30;0;0;S
Sjostedt, Mr. Ernst Adolf;2;0;male;59;0;0;S
Slayter, Miss. Hilda Mary;2;1;female;30;0;0;Q
Slemen, Mr. Richard James;2;0;male;35;0;0;S
Smith, Miss. Marion Elsie;2;1;female;40;0;0;S
Sobey, Mr. Samuel James Hayden;2;0;male;25;0;0;S
Stanton, Mr. Samuel Ward;2;0;male;41;0;0;C
Stokes, Mr. Philip Joseph;2;0;male;25;0;0;S
Swane, Mr. George;2;0;male;18,5;0;0;S
Sweet, Mr. George Frederick;2;0;male;14;0;0;S
Toomey, Miss. Ellen;2;1;female;50;0;0;S
Troupiansky, Mr. Moses Aaron;2;0;male;23;0;0;S
Trout, Mrs. William H (Jessie L);2;1;female;28;0;0;S
"Troutt, Miss. Edwina Celia ""Winnie""";2;1;female;27;0;0;S
Turpin, Mr. William John Robert;2;0;male;29;1;0;S
Turpin, Mrs. William John Robert (Dorothy Ann Wonnacott);2;0;female;27;1;0;S
Veal, Mr. James;2;0;male;40;0;0;S
Walcroft, Miss. Nellie;2;1;female;31;0;0;S
Ware, Mr. John James;2;0;male;30;1;0;S
Ware, Mr. William Jeffery;2;0;male;23;1;0;S
Ware, Mrs. John James (Florence Louise Long);2;1;female;31;0;0;S
Watson, Mr. Ennis Hastings;2;0;male;;0;0;S
Watt, Miss. Bertha J;2;1;female;12;0;0;S
"Watt, Mrs. James (Elizabeth ""Bessie"" Inglis Milne)";2;1;female;40;0;0;S
Webber, Miss. Susan;2;1;female;32,5;0;0;S
Weisz, Mr. Leopold;2;0;male;27;1;0;S
Weisz, Mrs. Leopold (Mathilde Francoise Pede);2;1;female;29;1;0;S
Wells, Master. Ralph Lester;2;1;male;2;1;1;S
Wells, Miss. Joan;2;1;female;4;1;1;S
"Wells, Mrs. Arthur Henry (""Addie"" Dart Trevaskis)";2;1;female;29;0;2;S
West, Miss. Barbara J;2;1;female;0,9167;1;2;S
West, Miss. Constance Mirium;2;1;female;5;1;2;S
West, Mr. Edwy Arthur;2;0;male;36;1;2;S
West, Mrs. Edwy Arthur (Ada Mary Worth);2;1;female;33;1;2;S
Wheadon, Mr. Edward H;2;0;male;66;0;0;S
"Wheeler, Mr. Edwin ""Frederick""";2;0;male;;0;0;S
Wilhelms, Mr. Charles;2;1;male;31;0;0;S
Williams, Mr. Charles Eugene;2;1;male;;0;0;S
Wright, Miss. Marion;2;1;female;26;0;0;S
"Yrois, Miss. Henriette (""Mrs Harbeck"")";2;0;female;24;0;0;S
Abbing, Mr. Anthony;3;0;male;42;0;0;S
Abbott, Master. Eugene Joseph;3;0;male;13;0;2;S
Abbott, Mr. Rossmore Edward;3;0;male;16;1;1;S
Abbott, Mrs. Stanton (Rosa Hunt);3;1;female;35;1;1;S
Abelseth, Miss. Karen Marie;3;1;female;16;0;0;S
Abelseth, Mr. Olaus Jorgensen;3;1;male;25;0;0;S
Abrahamsson, Mr. Abraham August Johannes;3;1;male;20;0;0;S
Abrahim, Mrs. Joseph (Sophie Halaut Easu);3;1;female;18;0;0;C
Adahl, Mr. Mauritz Nils Martin;3;0;male;30;0;0;S
Adams, Mr. John;3;0;male;26;0;0;S
Ahlin, Mrs. Johan (Johanna Persdotter Larsson);3;0;female;40;1;0;S
Aks, Master. Philip Frank;3;1;male;0,8333;0;1;S
Aks, Mrs. Sam (Leah Rosen);3;1;female;18;0;1;S
Albimona, Mr. Nassef Cassem;3;1;male;26;0;0;C
Alexander, Mr. William;3;0;male;26;0;0;S
Alhomaki, Mr. Ilmari Rudolf;3;0;male;20;0;0;S
Ali, Mr. Ahmed;3;0;male;24;0;0;S
Ali, Mr. William;3;0;male;25;0;0;S
Allen, Mr. William Henry;3;0;male;35;0;0;S
Allum, Mr. Owen George;3;0;male;18;0;0;S
Andersen, Mr. Albert Karvin;3;0;male;32;0;0;S
Andersen-Jensen, Miss. Carla Christine Nielsine;3;1;female;19;1;0;S
Andersson, Master. Sigvard Harald Elias;3;0;male;4;4;2;S
Andersson, Miss. Ebba Iris Alfrida;3;0;female;6;4;2;S
Andersson, Miss. Ellis Anna Maria;3;0;female;2;4;2;S
Andersson, Miss. Erna Alexandra;3;1;female;17;4;2;S
Andersson, Miss. Ida Augusta Margareta;3;0;female;38;4;2;S
Andersson, Miss. Ingeborg Constanzia;3;0;female;9;4;2;S
Andersson, Miss. Sigrid Elisabeth;3;0;female;11;4;2;S
Andersson, Mr. Anders Johan;3;0;male;39;1;5;S
"Andersson, Mr. August Edvard (""Wennerstrom"")";3;1;male;27;0;0;S
Andersson, Mr. Johan Samuel;3;0;male;26;0;0;S
Andersson, Mrs. Anders Johan (Alfrida Konstantia Brogren);3;0;female;39;1;5;S
Andreasson, Mr. Paul Edvin;3;0;male;20;0;0;S
Angheloff, Mr. Minko;3;0;male;26;0;0;S
Arnold-Franchi, Mr. Josef;3;0;male;25;1;0;S
Arnold-Franchi, Mrs. Josef (Josefine Franchi);3;0;female;18;1;0;S
Aronsson, Mr. Ernst Axel Algot;3;0;male;24;0;0;S
Asim, Mr. Adola;3;0;male;35;0;0;S
Asplund, Master. Carl Edgar;3;0;male;5;4;2;S
Asplund, Master. Clarence Gustaf Hugo;3;0;male;9;4;2;S
Asplund, Master. Edvin Rojj Felix;3;1;male;3;4;2;S
Asplund, Master. Filip Oscar;3;0;male;13;4;2;S
Asplund, Miss. Lillian Gertrud;3;1;female;5;4;2;S
Asplund, Mr. Carl Oscar Vilhelm Gustafsson;3;0;male;40;1;5;S
Asplund, Mr. Johan Charles;3;1;male;23;0;0;S
Asplund, Mrs. Carl Oscar (Selma Augusta Emilia Johansson);3;1;female;38;1;5;S
"Assaf Khalil, Mrs. Mariana (""Miriam"")";3;1;female;45;0;0;C
Assaf, Mr. Gerios;3;0;male;21;0;0;C
Assam, Mr. Ali;3;0;male;23;0;0;S
Attalah, Miss. Malake;3;0;female;17;0;0;C
Attalah, Mr. Sleiman;3;0;male;30;0;0;C
Augustsson, Mr. Albert;3;0;male;23;0;0;S
Ayoub, Miss. Banoura;3;1;female;13;0;0;C
Baccos, Mr. Raffull;3;0;male;20;0;0;C
Backstrom, Mr. Karl Alfred;3;0;male;32;1;0;S
Backstrom, Mrs. Karl Alfred (Maria Mathilda Gustafsson);3;1;female;33;3;0;S
Baclini, Miss. Eugenie;3;1;female;0,75;2;1;C
Baclini, Miss. Helene Barbara;3;1;female;0,75;2;1;C
Baclini, Miss. Marie Catherine;3;1;female;5;2;1;C
Baclini, Mrs. Solomon (Latifa Qurban);3;1;female;24;0;3;C
Badman, Miss. Emily Louisa;3;1;female;18;0;0;S
Badt, Mr. Mohamed;3;0;male;40;0;0;C
Balkic, Mr. Cerin;3;0;male;26;0;0;S
Barah, Mr. Hanna Assi;3;1;male;20;0;0;C
Barbara, Miss. Saiide;3;0;female;18;0;1;C
Barbara, Mrs. (Catherine David);3;0;female;45;0;1;C
Barry, Miss. Julia;3;0;female;27;0;0;Q
Barton, Mr. David John;3;0;male;22;0;0;S
Beavan, Mr. William Thomas;3;0;male;19;0;0;S
Bengtsson, Mr. John Viktor;3;0;male;26;0;0;S
Berglund, Mr. Karl Ivar Sven;3;0;male;22;0;0;S
Betros, Master. Seman;3;0;male;;0;0;C
Betros, Mr. Tannous;3;0;male;20;0;0;C
Bing, Mr. Lee;3;1;male;32;0;0;S
Birkeland, Mr. Hans Martin Monsen;3;0;male;21;0;0;S
Bjorklund, Mr. Ernst Herbert;3;0;male;18;0;0;S
Bostandyeff, Mr. Guentcho;3;0;male;26;0;0;S
Boulos, Master. Akar;3;0;male;6;1;1;C
Boulos, Miss. Nourelain;3;0;female;9;1;1;C
Boulos, Mr. Hanna;3;0;male;;0;0;C
Boulos, Mrs. Joseph (Sultana);3;0;female;;0;2;C
Bourke, Miss. Mary;3;0;female;;0;2;Q
Bourke, Mr. John;3;0;male;40;1;1;Q
Bourke, Mrs. John (Catherine);3;0;female;32;1;1;Q
"Bowen, Mr. David John ""Dai""";3;0;male;21;0;0;S
Bradley, Miss. Bridget Delia;3;1;female;22;0;0;Q
Braf, Miss. Elin Ester Maria;3;0;female;20;0;0;S
Braund, Mr. Lewis Richard;3;0;male;29;1;0;S
Braund, Mr. Owen Harris;3;0;male;22;1;0;S
Brobeck, Mr. Karl Rudolf;3;0;male;22;0;0;S
Brocklebank, Mr. William Alfred;3;0;male;35;0;0;S
Buckley, Miss. Katherine;3;0;female;18,5;0;0;Q
Buckley, Mr. Daniel;3;1;male;21;0;0;Q
Burke, Mr. Jeremiah;3;0;male;19;0;0;Q
Burns, Miss. Mary Delia;3;0;female;18;0;0;Q
Cacic, Miss. Manda;3;0;female;21;0;0;S
Cacic, Miss. Marija;3;0;female;30;0;0;S
Cacic, Mr. Jego Grga;3;0;male;18;0;0;S
Cacic, Mr. Luka;3;0;male;38;0;0;S
Calic, Mr. Jovo;3;0;male;17;0;0;S
Calic, Mr. Petar;3;0;male;17;0;0;S
Canavan, Miss. Mary;3;0;female;21;0;0;Q
Canavan, Mr. Patrick;3;0;male;21;0;0;Q
Cann, Mr. Ernest Charles;3;0;male;21;0;0;S
Caram, Mr. Joseph;3;0;male;;1;0;C
Caram, Mrs. Joseph (Maria Elias);3;0;female;;1;0;C
Carlsson, Mr. August Sigfrid;3;0;male;28;0;0;S
Carlsson, Mr. Carl Robert;3;0;male;24;0;0;S
"Carr, Miss. Helen ""Ellen""";3;1;female;16;0;0;Q
Carr, Miss. Jeannie;3;0;female;37;0;0;Q
Carver, Mr. Alfred John;3;0;male;28;0;0;S
Celotti, Mr. Francesco;3;0;male;24;0;0;S
Charters, Mr. David;3;0;male;21;0;0;Q
Chip, Mr. Chang;3;1;male;32;0;0;S
Christmann, Mr. Emil;3;0;male;29;0;0;S
Chronopoulos, Mr. Apostolos;3;0;male;26;1;0;C
Chronopoulos, Mr. Demetrios;3;0;male;18;1;0;C
Coelho, Mr. Domingos Fernandeo;3;0;male;20;0;0;S
"Cohen, Mr. Gurshon ""Gus""";3;1;male;18;0;0;S
Colbert, Mr. Patrick;3;0;male;24;0;0;Q
Coleff, Mr. Peju;3;0;male;36;0;0;S
Coleff, Mr. Satio;3;0;male;24;0;0;S
Conlon, Mr. Thomas Henry;3;0;male;31;0;0;Q
Connaghton, Mr. Michael;3;0;male;31;0;0;Q
Connolly, Miss. Kate;3;1;female;22;0;0;Q
Connolly, Miss. Kate;3;0;female;30;0;0;Q
Connors, Mr. Patrick;3;0;male;70,5;0;0;Q
Cook, Mr. Jacob;3;0;male;43;0;0;S
Cor, Mr. Bartol;3;0;male;35;0;0;S
Cor, Mr. Ivan;3;0;male;27;0;0;S
Cor, Mr. Liudevit;3;0;male;19;0;0;S
Corn, Mr. Harry;3;0;male;30;0;0;S
"Coutts, Master. Eden Leslie ""Neville""";3;1;male;9;1;1;S
"Coutts, Master. William Loch ""William""";3;1;male;3;1;1;S
"Coutts, Mrs. William (Winnie ""Minnie"" Treanor)";3;1;female;36;0;2;S
Coxon, Mr. Daniel;3;0;male;59;0;0;S
Crease, Mr. Ernest James;3;0;male;19;0;0;S
Cribb, Miss. Laura Alice;3;1;female;17;0;1;S
Cribb, Mr. John Hatfield;3;0;male;44;0;1;S
Culumovic, Mr. Jeso;3;0;male;17;0;0;S
Daher, Mr. Shedid;3;0;male;22,5;0;0;C
Dahl, Mr. Karl Edwart;3;1;male;45;0;0;S
Dahlberg, Miss. Gerda Ulrika;3;0;female;22;0;0;S
Dakic, Mr. Branko;3;0;male;19;0;0;S
"Daly, Miss. Margaret Marcella ""Maggie""";3;1;female;30;0;0;Q
Daly, Mr. Eugene Patrick;3;1;male;29;0;0;Q
Danbom, Master. Gilbert Sigvard Emanuel;3;0;male;0,3333;0;2;S
Danbom, Mr. Ernst Gilbert;3;0;male;34;1;1;S
Danbom, Mrs. Ernst Gilbert (Anna Sigrid Maria Brogren);3;0;female;28;1;1;S
Danoff, Mr. Yoto;3;0;male;27;0;0;S
Dantcheff, Mr. Ristiu;3;0;male;25;0;0;S
Davies, Mr. Alfred J;3;0;male;24;2;0;S
Davies, Mr. Evan;3;0;male;22;0;0;S
Davies, Mr. John Samuel;3;0;male;21;2;0;S
Davies, Mr. Joseph;3;0;male;17;2;0;S
Davison, Mr. Thomas Henry;3;0;male;;1;0;S
Davison, Mrs. Thomas Henry (Mary E Finck);3;1;female;;1;0;S
de Messemaeker, Mr. Guillaume Joseph;3;1;male;36,5;1;0;S
de Messemaeker, Mrs. Guillaume Joseph (Emma);3;1;female;36;1;0;S
de Mulder, Mr. Theodore;3;1;male;30;0;0;S
de Pelsmaeker, Mr. Alfons;3;0;male;16;0;0;S
Dean, Master. Bertram Vere;3;1;male;1;1;2;S
"Dean, Miss. Elizabeth Gladys ""Millvina""";3;1;female;0,1667;1;2;S
Dean, Mr. Bertram Frank;3;0;male;26;1;2;S
Dean, Mrs. Bertram (Eva Georgetta Light);3;1;female;33;1;2;S
Delalic, Mr. Redjo;3;0;male;25;0;0;S
Demetri, Mr. Marinko;3;0;male;;0;0;S
Denkoff, Mr. Mitto;3;0;male;;0;0;S
Dennis, Mr. Samuel;3;0;male;22;0;0;S
Dennis, Mr. William;3;0;male;36;0;0;S
Devaney, Miss. Margaret Delia;3;1;female;19;0;0;Q
Dika, Mr. Mirko;3;0;male;17;0;0;S
Dimic, Mr. Jovan;3;0;male;42;0;0;S
Dintcheff, Mr. Valtcho;3;0;male;43;0;0;S
Doharr, Mr. Tannous;3;0;male;;0;0;C
Dooley, Mr. Patrick;3;0;male;32;0;0;Q
Dorking, Mr. Edward Arthur;3;1;male;19;0;0;S
Dowdell, Miss. Elizabeth;3;1;female;30;0;0;S
Doyle, Miss. Elizabeth;3;0;female;24;0;0;Q
Drapkin, Miss. Jennie;3;1;female;23;0;0;S
Drazenoic, Mr. Jozef;3;0;male;33;0;0;C
Duane, Mr. Frank;3;0;male;65;0;0;Q
Duquemin, Mr. Joseph;3;1;male;24;0;0;S
Dyker, Mr. Adolf Fredrik;3;0;male;23;1;0;S
Dyker, Mrs. Adolf Fredrik (Anna Elisabeth Judith Andersson);3;1;female;22;1;0;S
Edvardsson, Mr. Gustaf Hjalmar;3;0;male;18;0;0;S
Eklund, Mr. Hans Linus;3;0;male;16;0;0;S
Ekstrom, Mr. Johan;3;0;male;45;0;0;S
Elias, Mr. Dibo;3;0;male;;0;0;C
Elias, Mr. Joseph;3;0;male;39;0;2;C
Elias, Mr. Joseph Jr;3;0;male;17;1;1;C
Elias, Mr. Tannous;3;0;male;15;1;1;C
Elsbury, Mr. William James;3;0;male;47;0;0;S
Emanuel, Miss. Virginia Ethel;3;1;female;5;0;0;S
Emir, Mr. Farred Chehab;3;0;male;;0;0;C
Everett, Mr. Thomas James;3;0;male;40,5;0;0;S
Farrell, Mr. James;3;0;male;40,5;0;0;Q
Finoli, Mr. Luigi;3;1;male;;0;0;S
Fischer, Mr. Eberhard Thelander;3;0;male;18;0;0;S
Fleming, Miss. Honora;3;0;female;;0;0;Q
Flynn, Mr. James;3;0;male;;0;0;Q
Flynn, Mr. John;3;0;male;;0;0;Q
Foley, Mr. Joseph;3;0;male;26;0;0;Q
Foley, Mr. William;3;0;male;;0;0;Q
Foo, Mr. Choong;3;1;male;;0;0;S
"Ford, Miss. Doolina Margaret ""Daisy""";3;0;female;21;2;2;S
"Ford, Miss. Robina Maggie ""Ruby""";3;0;female;9;2;2;S
Ford, Mr. Arthur;3;0;male;;0;0;S
Ford, Mr. Edward Watson;3;0;male;18;2;2;S
Ford, Mr. William Neal;3;0;male;16;1;3;S
Ford, Mrs. Edward (Margaret Ann Watson);3;0;female;48;1;3;S
Fox, Mr. Patrick;3;0;male;;0;0;Q
Franklin, Mr. Charles (Charles Fardon);3;0;male;;0;0;S
Gallagher, Mr. Martin;3;0;male;25;0;0;Q
Garfirth, Mr. John;3;0;male;;0;0;S
Gheorgheff, Mr. Stanio;3;0;male;;0;0;C
Gilinski, Mr. Eliezer;3;0;male;22;0;0;S
"Gilnagh, Miss. Katherine ""Katie""";3;1;female;16;0;0;Q
Glynn, Miss. Mary Agatha;3;1;female;;0;0;Q
"Goldsmith, Master. Frank John William ""Frankie""";3;1;male;9;0;2;S
Goldsmith, Mr. Frank John;3;0;male;33;1;1;S
Goldsmith, Mr. Nathan;3;0;male;41;0;0;S
Goldsmith, Mrs. Frank John (Emily Alice Brown);3;1;female;31;1;1;S
Goncalves, Mr. Manuel Estanslas;3;0;male;38;0;0;S
Goodwin, Master. Harold Victor;3;0;male;9;5;2;S
Goodwin, Master. Sidney Leonard;3;0;male;1;5;2;S
Goodwin, Master. William Frederick;3;0;male;11;5;2;S
Goodwin, Miss. Jessie Allis;3;0;female;10;5;2;S
Goodwin, Miss. Lillian Amy;3;0;female;16;5;2;S
Goodwin, Mr. Charles Edward;3;0;male;14;5;2;S
Goodwin, Mr. Charles Frederick;3;0;male;40;1;6;S
Goodwin, Mrs. Frederick (Augusta Tyler);3;0;female;43;1;6;S
Green, Mr. George Henry;3;0;male;51;0;0;S
Gronnestad, Mr. Daniel Danielsen;3;0;male;32;0;0;S
Guest, Mr. Robert;3;0;male;;0;0;S
Gustafsson, Mr. Alfred Ossian;3;0;male;20;0;0;S
Gustafsson, Mr. Anders Vilhelm;3;0;male;37;2;0;S
Gustafsson, Mr. Johan Birger;3;0;male;28;2;0;S
Gustafsson, Mr. Karl Gideon;3;0;male;19;0;0;S
Haas, Miss. Aloisia;3;0;female;24;0;0;S
Hagardon, Miss. Kate;3;0;female;17;0;0;Q
Hagland, Mr. Ingvald Olai Olsen;3;0;male;;1;0;S
Hagland, Mr. Konrad Mathias Reiersen;3;0;male;;1;0;S
Hakkarainen, Mr. Pekka Pietari;3;0;male;28;1;0;S
Hakkarainen, Mrs. Pekka Pietari (Elin Matilda Dolck);3;1;female;24;1;0;S
Hampe, Mr. Leon;3;0;male;20;0;0;S
Hanna, Mr. Mansour;3;0;male;23,5;0;0;C
Hansen, Mr. Claus Peter;3;0;male;41;2;0;S
Hansen, Mr. Henrik Juul;3;0;male;26;1;0;S
Hansen, Mr. Henry Damsgaard;3;0;male;21;0;0;S
Hansen, Mrs. Claus Peter (Jennie L Howard);3;1;female;45;1;0;S
Harknett, Miss. Alice Phoebe;3;0;female;;0;0;S
Harmer, Mr. Abraham (David Lishin);3;0;male;25;0;0;S
Hart, Mr. Henry;3;0;male;;0;0;Q
Hassan, Mr. Houssein G N;3;0;male;11;0;0;C
"Healy, Miss. Hanora ""Nora""";3;1;female;;0;0;Q
Hedman, Mr. Oskar Arvid;3;1;male;27;0;0;S
Hee, Mr. Ling;3;1;male;;0;0;S
"Hegarty, Miss. Hanora ""Nora""";3;0;female;18;0;0;Q
Heikkinen, Miss. Laina;3;1;female;26;0;0;S
Heininen, Miss. Wendla Maria;3;0;female;23;0;0;S
Hellstrom, Miss. Hilda Maria;3;1;female;22;0;0;S
Hendekovic, Mr. Ignjac;3;0;male;28;0;0;S
Henriksson, Miss. Jenny Lovisa;3;0;female;28;0;0;S
Henry, Miss. Delia;3;0;female;;0;0;Q
Hirvonen, Miss. Hildur E;3;1;female;2;0;1;S
Hirvonen, Mrs. Alexander (Helga E Lindqvist);3;1;female;22;1;1;S
Holm, Mr. John Fredrik Alexander;3;0;male;43;0;0;S
Holthen, Mr. Johan Martin;3;0;male;28;0;0;S
Honkanen, Miss. Eliina;3;1;female;27;0;0;S
Horgan, Mr. John;3;0;male;;0;0;Q
Howard, Miss. May Elizabeth;3;1;female;;0;0;S
Humblen, Mr. Adolf Mathias Nicolai Olsen;3;0;male;42;0;0;S
Hyman, Mr. Abraham;3;1;male;;0;0;S
Ibrahim Shawah, Mr. Yousseff;3;0;male;30;0;0;C
Ilieff, Mr. Ylio;3;0;male;;0;0;S
Ilmakangas, Miss. Ida Livija;3;0;female;27;1;0;S
Ilmakangas, Miss. Pieta Sofia;3;0;female;25;1;0;S
Ivanoff, Mr. Kanio;3;0;male;;0;0;S
Jalsevac, Mr. Ivan;3;1;male;29;0;0;C
Jansson, Mr. Carl Olof;3;1;male;21;0;0;S
Jardin, Mr. Jose Neto;3;0;male;;0;0;S
Jensen, Mr. Hans Peder;3;0;male;20;0;0;S
Jensen, Mr. Niels Peder;3;0;male;48;0;0;S
Jensen, Mr. Svend Lauritz;3;0;male;17;1;0;S
Jermyn, Miss. Annie;3;1;female;;0;0;Q
Johannesen-Bratthammer, Mr. Bernt;3;1;male;;0;0;S
Johanson, Mr. Jakob Alfred;3;0;male;34;0;0;S
Johansson Palmquist, Mr. Oskar Leander;3;1;male;26;0;0;S
Johansson, Mr. Erik;3;0;male;22;0;0;S
Johansson, Mr. Gustaf Joel;3;0;male;33;0;0;S
Johansson, Mr. Karl Johan;3;0;male;31;0;0;S
Johansson, Mr. Nils;3;0;male;29;0;0;S
Johnson, Master. Harold Theodor;3;1;male;4;1;1;S
Johnson, Miss. Eleanor Ileen;3;1;female;1;1;1;S
Johnson, Mr. Alfred;3;0;male;49;0;0;S
Johnson, Mr. Malkolm Joackim;3;0;male;33;0;0;S
Johnson, Mr. William Cahoone Jr;3;0;male;19;0;0;S
Johnson, Mrs. Oscar W (Elisabeth Vilhelmina Berg);3;1;female;27;0;2;S
"Johnston, Master. William Arthur ""Willie""";3;0;male;;1;2;S
"Johnston, Miss. Catherine Helen ""Carrie""";3;0;female;;1;2;S
Johnston, Mr. Andrew G;3;0;male;;1;2;S
"Johnston, Mrs. Andrew G (Elizabeth ""Lily"" Watson)";3;0;female;;1;2;S
Jonkoff, Mr. Lalio;3;0;male;23;0;0;S
Jonsson, Mr. Carl;3;1;male;32;0;0;S
Jonsson, Mr. Nils Hilding;3;0;male;27;0;0;S
Jussila, Miss. Katriina;3;0;female;20;1;0;S
Jussila, Miss. Mari Aina;3;0;female;21;1;0;S
Jussila, Mr. Eiriik;3;1;male;32;0;0;S
Kallio, Mr. Nikolai Erland;3;0;male;17;0;0;S
Kalvik, Mr. Johannes Halvorsen;3;0;male;21;0;0;S
Karaic, Mr. Milan;3;0;male;30;0;0;S
Karlsson, Mr. Einar Gervasius;3;1;male;21;0;0;S
Karlsson, Mr. Julius Konrad Eugen;3;0;male;33;0;0;S
Karlsson, Mr. Nils August;3;0;male;22;0;0;S
Karun, Miss. Manca;3;1;female;4;0;1;C
Karun, Mr. Franz;3;1;male;39;0;1;C
Kassem, Mr. Fared;3;0;male;;0;0;C
"Katavelas, Mr. Vassilios (""Catavelas Vassilios"")";3;0;male;18,5;0;0;C
"Keane, Mr. Andrew ""Andy""";3;0;male;;0;0;Q
Keefe, Mr. Arthur;3;0;male;;0;0;S
"Kelly, Miss. Anna Katherine ""Annie Kate""";3;1;female;;0;0;Q
Kelly, Miss. Mary;3;1;female;;0;0;Q
Kelly, Mr. James;3;0;male;34,5;0;0;Q
Kelly, Mr. James;3;0;male;44;0;0;S
Kennedy, Mr. John;3;1;male;;0;0;Q
Khalil, Mr. Betros;3;0;male;;1;0;C
"Khalil, Mrs. Betros (Zahie ""Maria"" Elias)";3;0;female;;1;0;C
Kiernan, Mr. John;3;0;male;;1;0;Q
Kiernan, Mr. Philip;3;0;male;;1;0;Q
Kilgannon, Mr. Thomas J;3;0;male;;0;0;Q
Kink, Miss. Maria;3;0;female;22;2;0;S
Kink, Mr. Vincenz;3;0;male;26;2;0;S
Kink-Heilmann, Miss. Luise Gretchen;3;1;female;4;0;2;S
Kink-Heilmann, Mr. Anton;3;1;male;29;3;1;S
Kink-Heilmann, Mrs. Anton (Luise Heilmann);3;1;female;26;1;1;S
Klasen, Miss. Gertrud Emilia;3;0;female;1;1;1;S
Klasen, Mr. Klas Albin;3;0;male;18;1;1;S
Klasen, Mrs. (Hulda Kristina Eugenia Lofqvist);3;0;female;36;0;2;S
Kraeff, Mr. Theodor;3;0;male;;0;0;C
Krekorian, Mr. Neshan;3;1;male;25;0;0;C
Lahoud, Mr. Sarkis;3;0;male;;0;0;C
Laitinen, Miss. Kristina Sofia;3;0;female;37;0;0;S
Laleff, Mr. Kristo;3;0;male;;0;0;S
Lam, Mr. Ali;3;1;male;;0;0;S
Lam, Mr. Len;3;0;male;;0;0;S
Landergren, Miss. Aurora Adelia;3;1;female;22;0;0;S
Lane, Mr. Patrick;3;0;male;;0;0;Q
Lang, Mr. Fang;3;1;male;26;0;0;S
Larsson, Mr. August Viktor;3;0;male;29;0;0;S
Larsson, Mr. Bengt Edvin;3;0;male;29;0;0;S
Larsson-Rondberg, Mr. Edvard A;3;0;male;22;0;0;S
"Leeni, Mr. Fahim (""Philip Zenni"")";3;1;male;22;0;0;C
Lefebre, Master. Henry Forbes;3;0;male;;3;1;S
Lefebre, Miss. Ida;3;0;female;;3;1;S
Lefebre, Miss. Jeannie;3;0;female;;3;1;S
Lefebre, Miss. Mathilde;3;0;female;;3;1;S
Lefebre, Mrs. Frank (Frances);3;0;female;;0;4;S
Leinonen, Mr. Antti Gustaf;3;0;male;32;0;0;S
Lemberopolous, Mr. Peter L;3;0;male;34,5;0;0;C
Lennon, Miss. Mary;3;0;female;;1;0;Q
Lennon, Mr. Denis;3;0;male;;1;0;Q
Leonard, Mr. Lionel;3;0;male;36;0;0;S
Lester, Mr. James;3;0;male;39;0;0;S
Lievens, Mr. Rene Aime;3;0;male;24;0;0;S
Lindahl, Miss. Agda Thorilda Viktoria;3;0;female;25;0;0;S
Lindblom, Miss. Augusta Charlotta;3;0;female;45;0;0;S
Lindell, Mr. Edvard Bengtsson;3;0;male;36;1;0;S
Lindell, Mrs. Edvard Bengtsson (Elin Gerda Persson);3;0;female;30;1;0;S
Lindqvist, Mr. Eino William;3;1;male;20;1;0;S
Linehan, Mr. Michael;3;0;male;;0;0;Q
Ling, Mr. Lee;3;0;male;28;0;0;S
Lithman, Mr. Simon;3;0;male;;0;0;S
Lobb, Mr. William Arthur;3;0;male;30;1;0;S
Lobb, Mrs. William Arthur (Cordelia K Stanlick);3;0;female;26;1;0;S
Lockyer, Mr. Edward;3;0;male;;0;0;S
"Lovell, Mr. John Hall (""Henry"")";3;0;male;20,5;0;0;S
Lulic, Mr. Nikola;3;1;male;27;0;0;S
Lundahl, Mr. Johan Svensson;3;0;male;51;0;0;S
Lundin, Miss. Olga Elida;3;1;female;23;0;0;S
Lundstrom, Mr. Thure Edvin;3;1;male;32;0;0;S
Lyntakoff, Mr. Stanko;3;0;male;;0;0;S
MacKay, Mr. George William;3;0;male;;0;0;S
"Madigan, Miss. Margaret ""Maggie""";3;1;female;;0;0;Q
Madsen, Mr. Fridtjof Arne;3;1;male;24;0;0;S
Maenpaa, Mr. Matti Alexanteri;3;0;male;22;0;0;S
Mahon, Miss. Bridget Delia;3;0;female;;0;0;Q
Mahon, Mr. John;3;0;male;;0;0;Q
Maisner, Mr. Simon;3;0;male;;0;0;S
Makinen, Mr. Kalle Edvard;3;0;male;29;0;0;S
Mamee, Mr. Hanna;3;1;male;;0;0;C
Mangan, Miss. Mary;3;0;female;30,5;0;0;Q
Mannion, Miss. Margareth;3;1;female;;0;0;Q
Mardirosian, Mr. Sarkis;3;0;male;;0;0;C
Markoff, Mr. Marin;3;0;male;35;0;0;C
Markun, Mr. Johann;3;0;male;33;0;0;S
Masselmani, Mrs. Fatima;3;1;female;;0;0;C
Matinoff, Mr. Nicola;3;0;male;;0;0;C
"McCarthy, Miss. Catherine ""Katie""";3;1;female;;0;0;Q
McCormack, Mr. Thomas Joseph;3;1;male;;0;0;Q
McCoy, Miss. Agnes;3;1;female;;2;0;Q
McCoy, Miss. Alicia;3;1;female;;2;0;Q
McCoy, Mr. Bernard;3;1;male;;2;0;Q
McDermott, Miss. Brigdet Delia;3;1;female;;0;0;Q
McEvoy, Mr. Michael;3;0;male;;0;0;Q
McGovern, Miss. Mary;3;1;female;;0;0;Q
"McGowan, Miss. Anna ""Annie""";3;1;female;15;0;0;Q
McGowan, Miss. Katherine;3;0;female;35;0;0;Q
McMahon, Mr. Martin;3;0;male;;0;0;Q
McNamee, Mr. Neal;3;0;male;24;1;0;S
McNamee, Mrs. Neal (Eileen O'Leary);3;0;female;19;1;0;S
McNeill, Miss. Bridget;3;0;female;;0;0;Q
Meanwell, Miss. (Marion Ogden);3;0;female;;0;0;S
Meek, Mrs. Thomas (Annie Louise Rowley);3;0;female;;0;0;S
Meo, Mr. Alfonzo;3;0;male;55,5;0;0;S
Mernagh, Mr. Robert;3;0;male;;0;0;Q
Midtsjo, Mr. Karl Albert;3;1;male;21;0;0;S
Miles, Mr. Frank;3;0;male;;0;0;S
Mineff, Mr. Ivan;3;0;male;24;0;0;S
Minkoff, Mr. Lazar;3;0;male;21;0;0;S
Mionoff, Mr. Stoytcho;3;0;male;28;0;0;S
Mitkoff, Mr. Mito;3;0;male;;0;0;S
"Mockler, Miss. Helen Mary ""Ellie""";3;1;female;;0;0;Q
Moen, Mr. Sigurd Hansen;3;0;male;25;0;0;S
Moor, Master. Meier;3;1;male;6;0;1;S
Moor, Mrs. (Beila);3;1;female;27;0;1;S
Moore, Mr. Leonard Charles;3;0;male;;0;0;S
Moran, Miss. Bertha;3;1;female;;1;0;Q
Moran, Mr. Daniel J;3;0;male;;1;0;Q
Moran, Mr. James;3;0;male;;0;0;Q
Morley, Mr. William;3;0;male;34;0;0;S
Morrow, Mr. Thomas Rowan;3;0;male;;0;0;Q
Moss, Mr. Albert Johan;3;1;male;;0;0;S
Moubarek, Master. Gerios;3;1;male;;1;1;C
"Moubarek, Master. Halim Gonios (""William George"")";3;1;male;;1;1;C
"Moubarek, Mrs. George (Omine ""Amenia"" Alexander)";3;1;female;;0;2;C
Moussa, Mrs. (Mantoura Boulos);3;1;female;;0;0;C
Moutal, Mr. Rahamin Haim;3;0;male;;0;0;S
"Mullens, Miss. Katherine ""Katie""";3;1;female;;0;0;Q
Mulvihill, Miss. Bertha E;3;1;female;24;0;0;Q
Murdlin, Mr. Joseph;3;0;male;;0;0;S
"Murphy, Miss. Katherine ""Kate""";3;1;female;;1;0;Q
Murphy, Miss. Margaret Jane;3;1;female;;1;0;Q
Murphy, Miss. Nora;3;1;female;;0;0;Q
Myhrman, Mr. Pehr Fabian Oliver Malkolm;3;0;male;18;0;0;S
Naidenoff, Mr. Penko;3;0;male;22;0;0;S
"Najib, Miss. Adele Kiamie ""Jane""";3;1;female;15;0;0;C
"Nakid, Miss. Maria (""Mary"")";3;1;female;1;0;2;C
Nakid, Mr. Sahid;3;1;male;20;1;1;C
"Nakid, Mrs. Said (Waika ""Mary"" Mowad)";3;1;female;19;1;1;C
Nancarrow, Mr. William Henry;3;0;male;33;0;0;S
Nankoff, Mr. Minko;3;0;male;;0;0;S
Nasr, Mr. Mustafa;3;0;male;;0;0;C
Naughton, Miss. Hannah;3;0;female;;0;0;Q
Nenkoff, Mr. Christo;3;0;male;;0;0;S
Nicola-Yarred, Master. Elias;3;1;male;12;1;0;C
Nicola-Yarred, Miss. Jamila;3;1;female;14;1;0;C
Nieminen, Miss. Manta Josefina;3;0;female;29;0;0;S
Niklasson, Mr. Samuel;3;0;male;28;0;0;S
Nilsson, Miss. Berta Olivia;3;1;female;18;0;0;S
Nilsson, Miss. Helmina Josefina;3;1;female;26;0;0;S
Nilsson, Mr. August Ferdinand;3;0;male;21;0;0;S
Nirva, Mr. Iisakki Antino Aijo;3;0;male;41;0;0;S
Niskanen, Mr. Juha;3;1;male;39;0;0;S
Nosworthy, Mr. Richard Cater;3;0;male;21;0;0;S
Novel, Mr. Mansouer;3;0;male;28,5;0;0;C
Nysten, Miss. Anna Sofia;3;1;female;22;0;0;S
Nysveen, Mr. Johan Hansen;3;0;male;61;0;0;S
O'Brien, Mr. Thomas;3;0;male;;1;0;Q
O'Brien, Mr. Timothy;3;0;male;;0;0;Q
"O'Brien, Mrs. Thomas (Johanna ""Hannah"" Godfrey)";3;1;female;;1;0;Q
O'Connell, Mr. Patrick D;3;0;male;;0;0;Q
O'Connor, Mr. Maurice;3;0;male;;0;0;Q
O'Connor, Mr. Patrick;3;0;male;;0;0;Q
Odahl, Mr. Nils Martin;3;0;male;23;0;0;S
O'Donoghue, Ms. Bridget;3;0;female;;0;0;Q
O'Driscoll, Miss. Bridget;3;1;female;;0;0;Q
"O'Dwyer, Miss. Ellen ""Nellie""";3;1;female;;0;0;Q
Ohman, Miss. Velin;3;1;female;22;0;0;S
O'Keefe, Mr. Patrick;3;1;male;;0;0;Q
"O'Leary, Miss. Hanora ""Norah""";3;1;female;;0;0;Q
Olsen, Master. Artur Karl;3;1;male;9;0;1;S
Olsen, Mr. Henry Margido;3;0;male;28;0;0;S
Olsen, Mr. Karl Siegwart Andreas;3;0;male;42;0;1;S
Olsen, Mr. Ole Martin;3;0;male;;0;0;S
Olsson, Miss. Elina;3;0;female;31;0;0;S
Olsson, Mr. Nils Johan Goransson;3;0;male;28;0;0;S
Olsson, Mr. Oscar Wilhelm;3;1;male;32;0;0;S
Olsvigen, Mr. Thor Anderson;3;0;male;20;0;0;S
Oreskovic, Miss. Jelka;3;0;female;23;0;0;S
Oreskovic, Miss. Marija;3;0;female;20;0;0;S
Oreskovic, Mr. Luka;3;0;male;20;0;0;S
Osen, Mr. Olaf Elon;3;0;male;16;0;0;S
Osman, Mrs. Mara;3;1;female;31;0;0;S
O'Sullivan, Miss. Bridget Mary;3;0;female;;0;0;Q
Palsson, Master. Gosta Leonard;3;0;male;2;3;1;S
Palsson, Master. Paul Folke;3;0;male;6;3;1;S
Palsson, Miss. Stina Viola;3;0;female;3;3;1;S
Palsson, Miss. Torborg Danira;3;0;female;8;3;1;S
Palsson, Mrs. Nils (Alma Cornelia Berglund);3;0;female;29;0;4;S
Panula, Master. Eino Viljami;3;0;male;1;4;1;S
Panula, Master. Juha Niilo;3;0;male;7;4;1;S
Panula, Master. Urho Abraham;3;0;male;2;4;1;S
Panula, Mr. Ernesti Arvid;3;0;male;16;4;1;S
Panula, Mr. Jaako Arnold;3;0;male;14;4;1;S
Panula, Mrs. Juha (Maria Emilia Ojala);3;0;female;41;0;5;S
Pasic, Mr. Jakob;3;0;male;21;0;0;S
Patchett, Mr. George;3;0;male;19;0;0;S
Paulner, Mr. Uscher;3;0;male;;0;0;C
Pavlovic, Mr. Stefo;3;0;male;32;0;0;S
Peacock, Master. Alfred Edward;3;0;male;0,75;1;1;S
Peacock, Miss. Treasteall;3;0;female;3;1;1;S
Peacock, Mrs. Benjamin (Edith Nile);3;0;female;26;0;2;S
Pearce, Mr. Ernest;3;0;male;;0;0;S
Pedersen, Mr. Olaf;3;0;male;;0;0;S
Peduzzi, Mr. Joseph;3;0;male;;0;0;S
Pekoniemi, Mr. Edvard;3;0;male;21;0;0;S
Peltomaki, Mr. Nikolai Johannes;3;0;male;25;0;0;S
Perkin, Mr. John Henry;3;0;male;22;0;0;S
Persson, Mr. Ernst Ulrik;3;1;male;25;1;0;S
Peter, Master. Michael J;3;1;male;;1;1;C
Peter, Miss. Anna;3;1;female;;1;1;C
Peter, Mrs. Catherine (Catherine Rizk);3;1;female;;0;2;C
Peters, Miss. Katie;3;0;female;;0;0;Q
Petersen, Mr. Marius;3;0;male;24;0;0;S
Petranec, Miss. Matilda;3;0;female;28;0;0;S
Petroff, Mr. Nedelio;3;0;male;19;0;0;S
"Petroff, Mr. Pastcho (""Pentcho"")";3;0;male;;0;0;S
Petterson, Mr. Johan Emil;3;0;male;25;1;0;S
Pettersson, Miss. Ellen Natalia;3;0;female;18;0;0;S
Pickard, Mr. Berk (Berk Trembisky);3;1;male;32;0;0;S
Plotcharsky, Mr. Vasil;3;0;male;;0;0;S
Pokrnic, Mr. Mate;3;0;male;17;0;0;S
Pokrnic, Mr. Tome;3;0;male;24;0;0;S
Radeff, Mr. Alexander;3;0;male;;0;0;S
Rasmussen, Mrs. (Lena Jacobsen Solvang);3;0;female;;0;0;S
Razi, Mr. Raihed;3;0;male;;0;0;C
Reed, Mr. James George;3;0;male;;0;0;S
Rekic, Mr. Tido;3;0;male;38;0;0;S
Reynolds, Mr. Harold J;3;0;male;21;0;0;S
Rice, Master. Albert;3;0;male;10;4;1;Q
Rice, Master. Arthur;3;0;male;4;4;1;Q
Rice, Master. Eric;3;0;male;7;4;1;Q
Rice, Master. Eugene;3;0;male;2;4;1;Q
Rice, Master. George Hugh;3;0;male;8;4;1;Q
Rice, Mrs. William (Margaret Norton);3;0;female;39;0;5;Q
"Riihivouri, Miss. Susanna Juhantytar ""Sanni""";3;0;female;22;0;0;S
Rintamaki, Mr. Matti;3;0;male;35;0;0;S
"Riordan, Miss. Johanna ""Hannah""";3;1;female;;0;0;Q
Risien, Mr. Samuel Beard;3;0;male;;0;0;S
Risien, Mrs. Samuel (Emma);3;0;female;;0;0;S
Robins, Mr. Alexander A;3;0;male;50;1;0;S
Robins, Mrs. Alexander A (Grace Charity Laury);3;0;female;47;1;0;S
Rogers, Mr. William John;3;0;male;;0;0;S
Rommetvedt, Mr. Knud Paust;3;0;male;;0;0;S
Rosblom, Miss. Salli Helena;3;0;female;2;1;1;S
Rosblom, Mr. Viktor Richard;3;0;male;18;1;1;S
Rosblom, Mrs. Viktor (Helena Wilhelmina);3;0;female;41;0;2;S
Roth, Miss. Sarah A;3;1;female;;0;0;S
Rouse, Mr. Richard Henry;3;0;male;50;0;0;S
Rush, Mr. Alfred George John;3;0;male;16;0;0;S
Ryan, Mr. Edward;3;1;male;;0;0;Q
Ryan, Mr. Patrick;3;0;male;;0;0;Q
Saad, Mr. Amin;3;0;male;;0;0;C
Saad, Mr. Khalil;3;0;male;25;0;0;C
Saade, Mr. Jean Nassr;3;0;male;;0;0;C
Sadlier, Mr. Matthew;3;0;male;;0;0;Q
Sadowitz, Mr. Harry;3;0;male;;0;0;S
Saether, Mr. Simon Sivertsen;3;0;male;38,5;0;0;S
Sage, Master. Thomas Henry;3;0;male;;8;2;S
Sage, Master. William Henry;3;0;male;14,5;8;2;S
Sage, Miss. Ada;3;0;female;;8;2;S
Sage, Miss. Constance Gladys;3;0;female;;8;2;S
"Sage, Miss. Dorothy Edith ""Dolly""";3;0;female;;8;2;S
Sage, Miss. Stella Anna;3;0;female;;8;2;S
Sage, Mr. Douglas Bullen;3;0;male;;8;2;S
Sage, Mr. Frederick;3;0;male;;8;2;S
Sage, Mr. George John Jr;3;0;male;;8;2;S
Sage, Mr. John George;3;0;male;;1;9;S
Sage, Mrs. John (Annie Bullen);3;0;female;;1;9;S
Salander, Mr. Karl Johan;3;0;male;24;0;0;S
Salkjelsvik, Miss. Anna Kristine;3;1;female;21;0;0;S
Salonen, Mr. Johan Werner;3;0;male;39;0;0;S
Samaan, Mr. Elias;3;0;male;;2;0;C
Samaan, Mr. Hanna;3;0;male;;2;0;C
Samaan, Mr. Youssef;3;0;male;;2;0;C
Sandstrom, Miss. Beatrice Irene;3;1;female;1;1;1;S
Sandstrom, Mrs. Hjalmar (Agnes Charlotta Bengtsson);3;1;female;24;0;2;S
Sandstrom, Miss. Marguerite Rut;3;1;female;4;1;1;S
Sap, Mr. Julius;3;1;male;25;0;0;S
Saundercock, Mr. William Henry;3;0;male;20;0;0;S
Sawyer, Mr. Frederick Charles;3;0;male;24,5;0;0;S
Scanlan, Mr. James;3;0;male;;0;0;Q
Sdycoff, Mr. Todor;3;0;male;;0;0;S
Shaughnessy, Mr. Patrick;3;0;male;;0;0;Q
Sheerlinck, Mr. Jan Baptist;3;1;male;29;0;0;S
Shellard, Mr. Frederick William;3;0;male;;0;0;S
Shine, Miss. Ellen Natalia;3;1;female;;0;0;Q
Shorney, Mr. Charles Joseph;3;0;male;;0;0;S
Simmons, Mr. John;3;0;male;;0;0;S
Sirayanian, Mr. Orsen;3;0;male;22;0;0;C
Sirota, Mr. Maurice;3;0;male;;0;0;S
Sivic, Mr. Husein;3;0;male;40;0;0;S
Sivola, Mr. Antti Wilhelm;3;0;male;21;0;0;S
Sjoblom, Miss. Anna Sofia;3;1;female;18;0;0;S
Skoog, Master. Harald;3;0;male;4;3;2;S
Skoog, Master. Karl Thorsten;3;0;male;10;3;2;S
Skoog, Miss. Mabel;3;0;female;9;3;2;S
Skoog, Miss. Margit Elizabeth;3;0;female;2;3;2;S
Skoog, Mr. Wilhelm;3;0;male;40;1;4;S
Skoog, Mrs. William (Anna Bernhardina Karlsson);3;0;female;45;1;4;S
Slabenoff, Mr. Petco;3;0;male;;0;0;S
Slocovski, Mr. Selman Francis;3;0;male;;0;0;S
Smiljanic, Mr. Mile;3;0;male;;0;0;S
Smith, Mr. Thomas;3;0;male;;0;0;Q
Smyth, Miss. Julia;3;1;female;;0;0;Q
Soholt, Mr. Peter Andreas Lauritz Andersen;3;0;male;19;0;0;S
Somerton, Mr. Francis William;3;0;male;30;0;0;S
Spector, Mr. Woolf;3;0;male;;0;0;S
Spinner, Mr. Henry John;3;0;male;32;0;0;S
Staneff, Mr. Ivan;3;0;male;;0;0;S
Stankovic, Mr. Ivan;3;0;male;33;0;0;C
Stanley, Miss. Amy Zillah Elsie;3;1;female;23;0;0;S
Stanley, Mr. Edward Roland;3;0;male;21;0;0;S
Storey, Mr. Thomas;3;0;male;60,5;0;0;S
Stoytcheff, Mr. Ilia;3;0;male;19;0;0;S
Strandberg, Miss. Ida Sofia;3;0;female;22;0;0;S
Stranden, Mr. Juho;3;1;male;31;0;0;S
Strilic, Mr. Ivan;3;0;male;27;0;0;S
Strom, Miss. Telma Matilda;3;0;female;2;0;1;S
Strom, Mrs. Wilhelm (Elna Matilda Persson);3;0;female;29;1;1;S
Sunderland, Mr. Victor Francis;3;1;male;16;0;0;S
Sundman, Mr. Johan Julian;3;1;male;44;0;0;S
Sutehall, Mr. Henry Jr;3;0;male;25;0;0;S
Svensson, Mr. Johan;3;0;male;74;0;0;S
Svensson, Mr. Johan Cervin;3;1;male;14;0;0;S
Svensson, Mr. Olof;3;0;male;24;0;0;S
Tenglin, Mr. Gunnar Isidor;3;1;male;25;0;0;S
Theobald, Mr. Thomas Leonard;3;0;male;34;0;0;S
Thomas, Master. Assad Alexander;3;1;male;0,4167;0;1;C
Thomas, Mr. Charles P;3;0;male;;1;0;C
Thomas, Mr. John;3;0;male;;0;0;C
Thomas, Mr. Tannous;3;0;male;;0;0;C
"Thomas, Mrs. Alexander (Thamine ""Thelma"")";3;1;female;16;1;1;C
Thomson, Mr. Alexander Morrison;3;0;male;;0;0;S
Thorneycroft, Mr. Percival;3;0;male;;1;0;S
Thorneycroft, Mrs. Percival (Florence Kate White);3;1;female;;1;0;S
Tikkanen, Mr. Juho;3;0;male;32;0;0;S
Tobin, Mr. Roger;3;0;male;;0;0;Q
Todoroff, Mr. Lalio;3;0;male;;0;0;S
Tomlin, Mr. Ernest Portage;3;0;male;30,5;0;0;S
Torber, Mr. Ernst William;3;0;male;44;0;0;S
Torfa, Mr. Assad;3;0;male;;0;0;C
Tornquist, Mr. William Henry;3;1;male;25;0;0;S
Toufik, Mr. Nakli;3;0;male;;0;0;C
Touma, Master. Georges Youssef;3;1;male;7;1;1;C
Touma, Miss. Maria Youssef;3;1;female;9;1;1;C
Touma, Mrs. Darwis (Hanne Youssef Razi);3;1;female;29;0;2;C
Turcin, Mr. Stjepan;3;0;male;36;0;0;S
Turja, Miss. Anna Sofia;3;1;female;18;0;0;S
Turkula, Mrs. (Hedwig);3;1;female;63;0;0;S
van Billiard, Master. James William;3;0;male;;1;1;S
van Billiard, Master. Walter John;3;0;male;11,5;1;1;S
van Billiard, Mr. Austin Blyler;3;0;male;40,5;0;2;S
Van Impe, Miss. Catharina;3;0;female;10;0;2;S
Van Impe, Mr. Jean Baptiste;3;0;male;36;1;1;S
Van Impe, Mrs. Jean Baptiste (Rosalie Paula Govaert);3;0;female;30;1;1;S
van Melkebeke, Mr. Philemon;3;0;male;;0;0;S
Vande Velde, Mr. Johannes Joseph;3;0;male;33;0;0;S
Vande Walle, Mr. Nestor Cyriel;3;0;male;28;0;0;S
Vanden Steen, Mr. Leo Peter;3;0;male;28;0;0;S
Vander Cruyssen, Mr. Victor;3;0;male;47;0;0;S
Vander Planke, Miss. Augusta Maria;3;0;female;18;2;0;S
Vander Planke, Mr. Julius;3;0;male;31;3;0;S
Vander Planke, Mr. Leo Edmondus;3;0;male;16;2;0;S
Vander Planke, Mrs. Julius (Emelia Maria Vandemoortele);3;0;female;31;1;0;S
Vartanian, Mr. David;3;1;male;22;0;0;C
Vendel, Mr. Olof Edvin;3;0;male;20;0;0;S
Vestrom, Miss. Hulda Amanda Adolfina;3;0;female;14;0;0;S
Vovk, Mr. Janko;3;0;male;22;0;0;S
Waelens, Mr. Achille;3;0;male;22;0;0;S
Ware, Mr. Frederick;3;0;male;;0;0;S
Warren, Mr. Charles William;3;0;male;;0;0;S
Webber, Mr. James;3;0;male;;0;0;S
Wenzel, Mr. Linhart;3;0;male;32,5;0;0;S
Whabee, Mrs. George Joseph (Shawneene Abi-Saab);3;1;female;38;0;0;C
Widegren, Mr. Carl/Charles Peter;3;0;male;51;0;0;S
Wiklund, Mr. Jakob Alfred;3;0;male;18;1;0;S
Wiklund, Mr. Karl Johan;3;0;male;21;1;0;S
Wilkes, Mrs. James (Ellen Needs);3;1;female;47;1;0;S
"Willer, Mr. Aaron (""Abi Weller"")";3;0;male;;0;0;S
Willey, Mr. Edward;3;0;male;;0;0;S
"Williams, Mr. Howard Hugh ""Harry""";3;0;male;;0;0;S
Williams, Mr. Leslie;3;0;male;28,5;0;0;S
Windelov, Mr. Einar;3;0;male;21;0;0;S
Wirz, Mr. Albert;3;0;male;27;0;0;S
Wiseman, Mr. Phillippe;3;0;male;;0;0;S
Wittevrongel, Mr. Camille;3;0;male;36;0;0;S
Yasbeck, Mr. Antoni;3;0;male;27;1;0;C
Yasbeck, Mrs. Antoni (Selini Alexander);3;1;female;15;1;0;C
Youseff, Mr. Gerious;3;0;male;45,5;0;0;C
Yousif, Mr. Wazli;3;0;male;;0;0;C
Yousseff, Mr. Gerious;3;0;male;;0;0;C
Zabour, Miss. Hileni;3;0;female;14,5;1;0;C
Zabour, Miss. Thamine;3;0;female;;1;0;C
Zakarian, Mr. Mapriededer;3;0;male;26,5;0;0;C
Zakarian, Mr. Ortin;3;0;male;27;0;0;C
Zimmerman, Mr. Leo;3;0;male;29;0;0;S
